{
  "animal": {
    "precision": 0.9375,
    "recall": 1.0,
    "f1-score": 0.967741935483871,
    "support": 30,
    "confused_with": {}
  },
  "micro avg": {
    "precision": 0.9375,
    "recall": 1.0,
    "f1-score": 0.967741935483871,
    "support": 30
  },
  "macro avg": {
    "precision": 0.9375,
    "recall": 1.0,
    "f1-score": 0.967741935483871,
    "support": 30
  },
  "weighted avg": {
    "precision": 0.9375,
    "recall": 1.0,
    "f1-score": 0.9677419354838709,
    "support": 30
  }
}