{
  "animal": {
    "precision": 0.9333333333333333,
    "recall": 0.4666666666666667,
    "f1-score": 0.6222222222222223,
    "support": 30,
    "confused_with": {}
  },
  "micro avg": {
    "precision": 0.9333333333333333,
    "recall": 0.4666666666666667,
    "f1-score": 0.6222222222222223,
    "support": 30
  },
  "macro avg": {
    "precision": 0.9333333333333333,
    "recall": 0.4666666666666667,
    "f1-score": 0.6222222222222223,
    "support": 30
  },
  "weighted avg": {
    "precision": 0.9333333333333333,
    "recall": 0.4666666666666667,
    "f1-score": 0.6222222222222223,
    "support": 30
  }
}