{
  "affirm": {
    "precision": 1.0,
    "recall": 1.0,
    "f1-score": 1.0,
    "support": 6,
    "confused_with": {}
  },
  "goodbye": {
    "precision": 0.8571428571428571,
    "recall": 1.0,
    "f1-score": 0.923076923076923,
    "support": 12,
    "confused_with": {}
  },
  "greet": {
    "precision": 0.875,
    "recall": 0.9333333333333333,
    "f1-score": 0.9032258064516129,
    "support": 15,
    "confused_with": {
      "goodbye": 1
    }
  },
  "mood_great": {
    "precision": 1.0,
    "recall": 0.9333333333333333,
    "f1-score": 0.9655172413793104,
    "support": 15,
    "confused_with": {
      "goodbye": 1
    }
  },
  "thank_you": {
    "precision": 0.0,
    "recall": 0.0,
    "f1-score": 0.0,
    "support": 9,
    "confused_with": {
      "deny": 6,
      "greet": 2,
      "bot_challenge": 1
    }
  },
  "bot_challenge": {
    "precision": 0.8,
    "recall": 1.0,
    "f1-score": 0.888888888888889,
    "support": 4,
    "confused_with": {}
  },
  "mood_unhappy": {
    "precision": 1.0,
    "recall": 1.0,
    "f1-score": 1.0,
    "support": 14,
    "confused_with": {}
  },
  "deny": {
    "precision": 0.5384615384615384,
    "recall": 1.0,
    "f1-score": 0.7000000000000001,
    "support": 7,
    "confused_with": {}
  },
  "accuracy": 0.8658536585365854,
  "macro avg": {
    "precision": 0.7588255494505494,
    "recall": 0.8583333333333334,
    "f1-score": 0.7975886074745919,
    "support": 82
  },
  "weighted avg": {
    "precision": 0.797316403109086,
    "recall": 0.8658536585365854,
    "f1-score": 0.8239466384139326,
    "support": 82
  }
}